"Authors","Author full names","Author(s) ID","Title","Year","Source title","Volume","Issue","Art. No.","Page start","Page end","Cited by","DOI","Link","Abstract","Author Keywords","Index Keywords","Document Type","Publication Stage","Open Access","Source","EID"
"Shirazi M.A.; Zahedi R.; Yousefi H.; Aslani A.","Shirazi, Mohammadali Allahrabbi (60142577400); Zahedi, Rahim (57224089423); Yousefi, Hossein (57192403998); Aslani, Alireza (55093935000)","60142577400; 57224089423; 57192403998; 55093935000","Environmental and damage assessment of electric vehicles compared to internal combustion engine vehicles under various ambient temperature scenarios using the LCA approach","2025","Energy Nexus","20","","100606","","","3","10.1016/j.nexus.2025.100606","https://www.scopus.com/pages/publications/105022822764?origin=resultslist","This study assesses the environmental impacts of the energy consumption of electric vehicles (EVs) and internal combustion engine vehicles (ICEVs) using a life cycle assessment (LCA) approach considering four temperature scenarios. The aim is to compare the environmental performance of the energy consumption of both vehicle types under different climatic conditions and to identify the most sustainable option. The functional unit for this study was set at 100 km of distance. The results show that temperature significantly affects the environmental impacts of EVs and ICEVs. EVs operating at warmer temperatures (30 °C) showed lower environmental impacts compared to those operating at colder temperatures (-7 °C). The third EV scenario with renewable wind energy at 30 °C produced 90 % less CO2 emissions than the third ICEV scenario at the same temperature (0.3318 kg CO2eq per 100 km, compared to 3.3372 kg CO2eq). In addition, EVs showed lower impacts in key categories such as human health, particulate matter formation and resource depletion. ICEV scenarios, especially at lower temperatures, showed higher greenhouse gas emissions and environmental loads. The findings suggest that electric vehicles, especially when powered by renewable energy sources and operated under optimal temperature conditions, offer significant environmental benefits over ICEVs. This study highlights the importance of considering temperature and energy sources when assessing the environmental performance of vehicles and provides valuable insights for future vehicle design and policymaking aimed at reducing the environmental impacts associated with transportation. Policy recommendations include optimizing charging infrastructure in cold regions and promoting EVs in warmer climates. © 2025 The Author(s).","Ambient temperature; Electric vehicles; Energy consumption; Environmental impacts; Internal combustion engine vehicles; Life cycle assessment","","Article","Final","All Open Access; Gold Open Access; Green Open Access","Scopus","2-s2.0-105022822764"
"Zhao E.; May E.; Walker P.D.; Surawski N.C.","Zhao, Enoch (57226315142); May, Ethan (57264608700); Walker, Paul D. (36496210600); Surawski, Nic C. (35338113400)","57226315142; 57264608700; 36496210600; 35338113400","Emissions life cycle assessment of charging infrastructures for electric buses","2021","Sustainable Energy Technologies and Assessments","48","","101605","","","38","10.1016/j.seta.2021.101605","https://www.scopus.com/pages/publications/85115254951?origin=resultslist","This paper evaluates and calculates the magnitude of greenhouse gases produced from the implementation of electric bus charging stations into existing bus depots concurrent with the transitioning of the commuter bus fleets into electrified powertrains. To achieve this, a comprehensive and in-depth emissions life cycle assessment is conducted and utilises the Australian based fleets as a case study, focusing particularly on Sydney city and Inner West regions. To define the scope and system boundary for this type of study, the authors have chosen bus routes that take into account city, suburban, and highway driving. The study conducts a life cycle assessment of electric bus charging stations that incorporates the greenhouse gas emissions produced from the production, transportation, installation, operations, and decommissioning phases. Additionally, three alternate scenarios are explored: time variance, high shares of renewables, and net-zero emissions by 2050. Results show that contributions from infrastructure development and the transition to electrified buses are substantially outweighed by operation emissions. The operations phase is heavily dependent on the electricity grid-mixes carbon intensity and contributes the most greenhouse gas emissions (98.8%), followed by production (0.69%), recycling and disposal (0.48%), installation (0.01%), and transportation (0.01%). The current Australian electricity grid-mix produces approximately 1.2 ∼ 1.4 times more greenhouse emissions than when combusting diesel fuel. Thus, net-zero emissions will not be achieved without substantial grid-mix decarbonisation. This study also finds that regional-specific parameters heavily influences the final life cycle emissions calculations. For the case-specific scenario, it is found that transitioning the existing transport bus fleet into electric powertrains has the potential to significantly reduce the impact on climate change compared to diesel buses. However, it can only be made possible if the electricity used to charge the electric buses is generated from low carbon-intensive sources, such as renewable energy. © 2021 Elsevier Ltd","Battery Electric Vehicles; Charging Infrastructure; Electric Buses; Environmental Load; Greenhouse Gas Emissions; Life Cycle Assessment","Australia; New South Wales; Sydney [New South Wales]; Battery electric vehicles; Buses; Carbon; Charging (batteries); Climate change; Electric automobiles; Electric power transmission networks; Fleet operations; Gas emissions; Greenhouse gases; Secondary batteries; Vehicle-to-grid; Battery-electric vehicles; Bus fleets; Charging infrastructures; Charging station; Electric bus; Electricity grids; Environmental loads; Greenhouse gas emissions; Greenhouses gas; Zero emission; bus transport; carbon emission; electric vehicle; greenhouse gas; life cycle analysis; traffic emission; transportation infrastructure; Life cycle","Article","Final","","Scopus","2-s2.0-85115254951"
"Sobhani S.S.; Zahedi R.; Yousefi H.; Hajinezhad A.","Sobhani, Seyed Sadra (60097049700); Zahedi, Rahim (57224089423); Yousefi, Hossein (57192403998); Hajinezhad, Ahmad (16202326900)","60097049700; 57224089423; 57192403998; 16202326900","Configuring renewable energy supply for electric vehicle charging stations in Switzerland: Life cycle assessment and Multi-Mbjective optimization","2026","Energy Conversion and Management: X","29","","101457","","","2","10.1016/j.ecmx.2025.101457","https://www.scopus.com/pages/publications/105024221941?origin=resultslist","To minimize the environmental footprint of electric vehicle (EV) charging infrastructure, the electricity supply mix must be optimized beyond simply focusing on greenhouse gas (GHG) emissions. This study assesses the full life-cycle environmental impacts of five supply technologies (e.g., solar photovoltaic (PV) panels, wind turbines, hydropower, micro gas turbines, and solid oxide fuel cells (SOFCs)) and determines their optimal allocation for Swiss EV charging stations by 2050. Using Swiss-specific Ecoinvent 3.8 inventories and ReCiPe 2016 endpoint indicators for life cycle assessment (LCA), results rank wind and hydropower as the least impactful, followed by solar PV. Biomethane-based micro gas turbines and SOFCs show the highest burdens across the categories of human health, ecosystem quality, and resource scarcity. A multi-objective Non-dominated Sorting Genetic Algorithm II (NSGA-II; four objectives: cost, human health, ecosystems, resource scarcity) with constraints (Switzerland's 2050 deployment caps and a daily charging demand of 35 GWh) yields 35 Pareto-optimal solutions. Lowest-cost solutions (1.20–1.40 × 106 USD/day) rely heavily on PV and wind but increase environmental impacts by up to 70 %, whereas environmentally superior solutions raise costs to 2.17 × 106 USD/day and strongly favor wind turbines, hydropower, and on-site PV, virtually eliminating micro gas turbines and SOFCs. These results provide policymakers with explicit trade-offs for planning a sustainable Swiss EV charging infrastructure. © 2025 The Author(s)","Charging station; Economic analysis; Electric vehicle (EV); Life-cycle assessment (LCA); Performance evaluation parameter (PEP)","Artificial life; Charging (batteries); Charging stations; Costs; Economic and social effects; Ecosystems; Electric power systems; Electric vehicles; Environmental impact; Greenhouse gases; Life cycle; Life cycle assessment; Multiobjective optimization; Pareto principle; Renewable energy; Solar power generation; Sustainable development; Wind turbines; Charging station; Economics analysis; Electric vehicle; Electric vehicle charging; Evaluation parameters; Life-cycle assessment; Micro-gas; Performance evaluation parameter; Performances evaluation; Solid-oxide fuel cell; Economic analysis","Article","Final","All Open Access; Gold Open Access; Green Open Access","Scopus","2-s2.0-105024221941"
"Wang Y.; Shan X.; Qiu R.","Wang, Yusheng (57225157307); Shan, Xiangqi (59006055600); Qiu, Rui (59082660800)","57225157307; 59006055600; 59082660800","Lifecycle carbon dioxide emissions and cost assessment for battery electric bus systems","2025","Journal of Cleaner Production","501","","145278","","","7","10.1016/j.jclepro.2025.145278","https://www.scopus.com/pages/publications/105000284887?origin=resultslist","Battery electric buses (BEBs) have emerged as a promising solution for reducing transportation emissions; however, prior research has rarely addressed the combined environmental and economic impacts of BEB fleets and their charging facility. This study presents a comprehensive lifecycle assessment (LCA) framework that quantifies carbon emissions and total costs across the production, operation, and recycling phases of BEB systems, integrating heterogeneous bus fleets with diverse charger types and route-specific constraints. In a case study of a public transit network in Nanjing, China, seven scenarios with different BEB system configurations were evaluated. Results show that the capital cost of BEBs accounts for approximately 66% of the total lifecycle cost, with Scenario #1 costing $232.51 million and Scenario #3 reaching $377.07 million—a 62% increase. Sensitivity analyses further indicate that reducing the power grid carbon emission factor from 0.910 to 0.095 kgCO2e/kWh can lower lifecycle emissions by 81.3%, while a 5% increase in BEB energy consumption leads to a 4% rise in emissions, with only a 0.2% impact on overall costs. These numerical results substantiate the effectiveness of our coupled LCA framework by demonstrating that strategic interventions – such as grid decarbonization and improvements in BEB energy efficiency – can significantly mitigate both environmental impacts and lifecycle expenditures. Our findings provide critical quantitative insights for decision-makers, highlighting the potential for substantial reductions in lifecycle impacts as cleaner energy sources and advanced vehicle technologies become increasingly prevalent. © 2025 Elsevier Ltd","Battery electric bus system; Carbon dioxide emissions; Life cycle assessment; Lifecycle cost","Battery electric bus system; Bus energy; Bus fleets; Bus systems; Carbon dioxide emissions; Cost assessment; Electric bus; Environmental and economic impacts; Life Cycle Assessment (LCA); Lifecycle costs","Article","Final","","Scopus","2-s2.0-105000284887"
"Syré A.M.; Göhlich D.","Syré, Anne Magdalene (57216966142); Göhlich, Dietmar (8877872400)","57216966142; 8877872400","Decarbonization of Long-Haul Heavy-Duty Truck Transport: Technologies, Life Cycle Emissions, and Costs","2025","World Electric Vehicle Journal","16","2","76","","","14","10.3390/wevj16020076","https://www.scopus.com/pages/publications/85218968916?origin=resultslist","Decarbonizing long-haul, heavy-duty transport in Europe focuses on battery-electric trucks with high-power chargers or electric road systems and fuel-cell-electric vehicles with hydrogen refueling stations. We present a comparative life cycle assessment and total cost of ownership analysis of these technologies for 20% of Germany’s heavy-duty, long-haul transport alongside internal combustion engine vehicles. The results show that fuel cell vehicles with on-site hydrogen have the highest life cycle emissions (65 Mt CO2e), followed by internal combustion engine vehicles (55 Mt CO2e). Battery-electric vehicles using electric road systems achieve the lowest emissions (21 Mt CO2e) and the lowest costs (EUR 45 billion). In contrast, fuel cell vehicles with on-site hydrogen have the highest costs (EUR 69 billion). Operational costs dominate total expenses, making them a compelling target for subsidies. The choice between battery and fuel cell technologies depends on the ratio of vehicles to infrastructure, transport performance, and range. Fuel cell trucks are better suited for remote areas due to their longer range, while integrating electric road systems with high-power charging could offer synergies. Recent advancements in battery and fuel cell durability further highlight the potential of both technologies in heavy-duty transport. This study provides insights for policymakers and industry stakeholders in the shift towards sustainable transport. The greenhouse gas emission savings from adopting battery-electric trucks are 54% in our high-power charging scenario and 62% in the electric road system scenario in comparison to the reference scenario with diesel trucks. © 2025 by the authors.","battery-electric vehicles; electric road system; fuel-cell-electric vehicles; high-power charger; hydrogen refueling station; life cycle assessment; total cost of ownership","Antiknock compounds; Automotive batteries; Biofuels; Electric vehicles; Hydrogen fuels; Low emission; Nuclear batteries; Battery-electric vehicles; Electric road system; Fuel cell electric vehicle; Heavy duty; High power; High-power charger; Hydrogen refueling stations; Long haul; Road systems; Total cost of ownership; Truck transportation","Article","Final","All Open Access; Gold Open Access; Green Open Access","Scopus","2-s2.0-85218968916"
"Horesh N.; Zhou Y.; Quinn J.","Horesh, Noah (57223437013); Zhou, Yan (49962815300); Quinn, Jason (36562288100)","57223437013; 49962815300; 36562288100","Home charging for all: Techno-economic and life cycle assessment of multi-unit dwelling electric vehicle charging hubs","2023","Journal of Cleaner Production","383","","135551","","","20","10.1016/j.jclepro.2022.135551","https://www.scopus.com/pages/publications/85145215285?origin=resultslist","Ubiquitous electric vehicle adoption can drastically reduce greenhouse gas emissions (GHG) but will require equitable home charging infrastructure for all residences. Unlike single-family homes, Multi-Unit Dwellings (MUD) currently lack market share and access to nearby charging infrastructure partly due to expensive capital costs for reluctant residential property-owners. This work evaluates the levelized cost of charging (LCOC) for Battery Electric Vehicles (BEVs) at MUD community charging hubs through a techno-economic analysis (TEA) that leverages real-world charging data and costs. Three different MUD charging types are investigated for a baseline and optimistic case: 1.9-kW Level 1 (L1), 6.6-kW Level 2 (L2), and 50-kW Direct Current Fast Charging (DCFC) stations under three different ownership models: resident, utility, and private company. Results demonstrate L1 and L2 chargers to be less expensive than the gasoline equivalent across the United States. Further, utility and private company ownership models, which avoid initial costs for residential property owners, result in a large LCOC premium for L1 and moderate LCOC premium for L2 relative to the resident ownership model. In contrast, DCFC is shown to be expensive for baseline scenarios but economical for optimistic scenarios especially under private company ownership. This work also performs a cradle to grave (C2G) life cycle assessment (LCA) of an average passenger BEV and gasoline conventional vehicle (CV) using yearly (grid mix & vehicle parameters), hourly (grid mix), and state-level (grid mix) resolution. Results show BEVs to have lower GHG emissions (−86% to −10%) than gasoline CVs in the contiguous U.S. Next, the system boundary of the TEA is extended to the total cost of ownership (TCO) of BEVs. The TCO is then coupled with the C2G GHG emissions to calculate the cost of GHG emissions reduction. Ultimately, the cost of GHG emissions reduction from MUD BEVs relative to gasoline CVs is shown to be negative for every scenario except baseline DCFC, meaning MUD BEV charging infrastructure can be a cost-effective endeavor to reduce GHG emissions. © 2022 Elsevier Ltd","Business model; Charging infrastructure; Electric vehicles; Emissions reduction; Levelized cost of charging; Multi-unit dwelling charging hub","Charging (batteries); Competition; Cost benefit analysis; Cost reduction; Economic analysis; Emission control; Gas emissions; Gasoline; Greenhouse gases; Housing; Life cycle; Sales; Battery-electric vehicles; Business models; Charging infrastructures; Emission reduction; Greenhouse gas emissions; Level-1; Levelized cost of charging; Levelized costs; Multi-unit; Multi-unit dwelling charging hub; Cost effectiveness","Article","Final","All Open Access; Green Open Access","Scopus","2-s2.0-85145215285"
"Gurrì S.; Cappelli F.; Chiara B.D.","Gurrì, Simona (58245583800); Cappelli, Flavio (59526690900); Chiara, Bruno Dalla (59156354900)","58245583800; 59526690900; 59156354900","Matching demand and supply in motorised mobility: A data-driven differentiation of the driving patterns for urban contexts","2025","Transportation Engineering","21","","100355","","","0","10.1016/j.treng.2025.100355","https://www.scopus.com/pages/publications/105008794563?origin=resultslist","This paper deals with future automobiles and their actual compliance with both local and global emissions: the European Parliament's deliberation on the 100 % reduction of locally measured CO2 emissions (February 2023), on newly manufactured vehicles by 2035 clearly and plausibly expresses a concept - oriented towards the transport supply - that needs to be completed. The current scenario for climate change requires actions for both mitigation and adaptation. The transportation sector is currently one of the sectors where mitigation actions can be applied. This is the scope behind the program Fit for 55 led by the European Parliament, which would like the reach of net zero CO2 emissions by 2035. Additionally, many cities have applied for the net zero emission challenge by 2030. All this creates an intricated scenario for the private transportation sector, which should be affordable and flexible for all the transportation needs. A way to reach the goals defined above is the spreading of electrified transportation, including: BEVs (Battery Electric Vehicles), which provide zero tailpipe emissions during use, PHEVs (Plug-in Hybrid Electric Vehicles), which can do the same just when and where needed, without compromising the freedom of movement that drivers are accustomed to. One of the solutions for reaching these goals is the adoption of electrified vehicles. Nonetheless, many limits hinder a massive spread of BEVs, like energy and resources availability, queuing phenomena at public accessible charging stations, fire-load limitations, serious depreciation on second hand market, besides actual environmental sustainability: when looking at the carbon emissions footprint on the entire lifecycle of the energy source (namely, Well To Wheel) and of the vehicle (LCA), the neutrality with respect to GHGs is challenged.Based on these assumptions, the scope of the paper demonstrates systematically that it is possible to consider differentiated powertrain solutions per driving scenario, namely for urban contexts, thereby enabling the proper exploitation of each technological solution. © 2025","Driving scenarios; Electrification; Emissions; Internal combustion engines; Urban and non-urban","Automobile electronic equipment; Charging (batteries); Electric utilities; Life cycle; Plug-in hybrid vehicles; Powertrains; Sustainable development; Zero-carbon; Battery-electric vehicles; CO 2 emission; Combustion engines; Driving scenario; Emission; European Parliament; Internal combustion; Transportation sector; Urban and non-urban; Urban context; Internal combustion engines","Article","Final","All Open Access; Gold Open Access; Green Open Access","Scopus","2-s2.0-105008794563"
"Sadik M.D.S.; Labib M.I.; Disha A.S.","Sadik, MD Shiyan (60014731700); Labib, Md Ishmam (60014511700); Disha, Asma Safia (57218159903)","60014731700; 60014511700; 57218159903","Transitioning to Cleaner Transport: Evaluating the Environmental and Economic Performance of ICE, HEVs, and PHEVs in Bangladesh","2025","World Electric Vehicle Journal","16","7","380","","","2","10.3390/wevj16070380","https://www.scopus.com/pages/publications/105011654365?origin=resultslist","The transportation sector in South Asia largely depends on internal combustion engine (ICE) vehicles, which are responsible for a large share of greenhouse gas (GHG) emissions, air pollution, and the increase in fuel prices. Although hybrid electric vehicles (HEVs), plug-in hybrid electric vehicles (PHEVs), and fully electric vehicles (EVs) constitute promising alternatives, the rate of their implementation is low due to factors such as the high initial investment, the absence of the required infrastructure, and the reliance on fossil fuel-based electricity. This study is the first of its kind to examine Bangladesh’s drivetrain options in a comprehensive way, with in-depth real-world emission testing and economic analysis as the main tools of investigation into the environmental and economic feasibility of different technologies used in the vehicles available in Bangladesh, including lifecycle costs and infrastructure constraints. The study findings have shown that hybrid and plug-in hybrid vehicles are the best options, since they have moderate emissions and cost efficiency, respectively. Fully electric vehicles, however, face two main challenges: the overall lack of charging infrastructure and the overall high purchase prices. Among the evaluated technologies, PHEVs exhibited the lowest environmental and economic burden. The Toyota Prius PHEV emitted 98% less NOx compared to the diesel-powered Pajero Sport and maintained the lowest per-kilometer cost at BDT 6.39. In contrast, diesel SUVs emitted 178 ppm NOx and cost 22.62 BDT/km, reinforcing the transitional advantage of plug-in hybrid technology in Bangladesh’s context. © 2025 by the authors.","Car; CNG; electric vehicle; emission; lifecycle assessment","Air pollution; Costs; Diesel engines; Environmental technology; Fossil fuels; Greenhouse gases; Investments; Nitrogen oxides; Plug-in hybrid vehicles; Pollution control; Powertrains; Purchasing; Vehicle to infrastructure; Bangladesh; CNG; Combustion engines; Electric plugs; Emission; Environmental and economic performance; Internal combustion; Life Cycle Assessment (LCA); Plug-In Hybrid Electric Vehicle; Transportation sector; Neutron emission","Article","Final","All Open Access; Gold Open Access; Green Open Access","Scopus","2-s2.0-105011654365"
"Wang R.; Ling-Chin J.; Roy D.; Roskilly A.P.","Wang, Ruiqi (57207310358); Ling-Chin, Janie (55444494200); Roy, Dibyendu (57194058927); Roskilly, Anthony Paul (6603956811)","57207310358; 55444494200; 57194058927; 6603956811","Towards a sustainable workplace: a life cycle perspective on EV-charging-integrated HVAC systems","2026","Applied Energy","409","","127485","","","0","10.1016/j.apenergy.2026.127485","https://www.scopus.com/pages/publications/105029518590?origin=resultslist","Heating, ventilation, and air conditioning (HVAC) systems contribute substantially to energy consumption and carbon emissions in the building sector. This study evaluates the environmental impacts of solar-powered HVAC systems in the workplace in a city in Portugal (Sines) using a comprehensive life cycle assessment (LCA), compared to systems powered by national grid electricity. The LCA is performed using the Environmental Footprint (EF) 3.1 method with a cradle-to-grave system boundary. Electric vehicle chargers are included to temporarily store excess electricity generated from a solar photovoltaic system. Results from the LCA indicate that the manufacturing and operation phases of the product system powered by grid electricity contribute significantly to most of the environmental impacts, while switching to a solar-powered system could reduce the climate change impact by 87.28%. The sensitivity analysis demonstrates that heating and cooling set point temperatures of HVAC systems critically affect the environmental burdens arising from the product system. Substituting reclaimed refrigerants for newly produced refrigerants can reduce global warming potential by 5.8% during the manufacturing phase of HVAC systems. Enhancing HVAC energy efficiency and adapting heating and cooling operation are essential for reducing GHG emissions. Furthermore, the scope of the study is expanded by evaluating the environmental impacts of workplace HVAC systems in three more different European cities, i.e., Paris, London, and Oslo, representing warm and cold climate zones. Future increases in renewable electricity capacity lead to reduced environmental impacts but increase mineral and metal resource use. A broader consideration of environmental impacts through LCA offers insights into the future development and application of sustainable energy systems. © 2026 The Authors","Electric vehicle charger; Grid electricity; HVAC; Life cycle assessment; Solar photovoltaic system","France; Ile de France; London; Oslo; Paris; Portugal; Ville de Paris; Artificial life; Charging (batteries); Construction industry; Cooling systems; Electric vehicles; Environmental impact; Global warming; HVAC; Life cycle; Life cycle assessment; Solar concentrators; Solar energy; Solar power generation; Sustainable development; Conditioning systems; Electric vehicles chargers; EV Charging; Grid electricity; Heating and cooling; Heating ventilation and air conditioning; Life cycle perspectives; Manufacturing phase; Product systems; Solar photovoltaic system; air conditioning; alternative energy; climate change; electric vehicle; energy efficiency; environmental impact; global warming; integrated approach; life cycle analysis; photovoltaic system; sensitivity analysis; smart grid; workplace; Sensitivity analysis","Article","Final","All Open Access; Green Open Access; Hybrid Gold Open Access","Scopus","2-s2.0-105029518590"
"Rehman A.U.; Zia M.F.; Khalid H.; Said Z.; Muyeen S.M.","Rehman, Anis ur (57188699449); Zia, Muhammad Fahad (56470454000); Khalid, Harism. (35795416200); Said, Zafar (55260842600); Muyeen, S.M. (14054532300)","57188699449; 56470454000; 35795416200; 55260842600; 14054532300","Wind and grid energy-based onshore beach charging station for electric vehicles: An integration infrastructure with techno economics, sustainable mobility, and environmental protection","2025","Results in Engineering","26","","105113","","","7","10.1016/j.rineng.2025.105113","https://www.scopus.com/pages/publications/105004382670?origin=resultslist","The conventional electric vehicle (EV) charging process is often time-consuming, posing a significant challenge in busy schedules. This constraint restricts individuals from engaging in leisure activities like beach picnics, staycations, etc. A combined wind and grid-powered (CWGP) onshore beach charging station (OSBCS) has been proposed to address this issue. It introduces an innovative approach to EV charging that blends sustainable transportation with leisure activities. A detailed case study was carried out at Jumeirah Beach in the United Arab Emirates (UAE), which included 4 charging stations with a combined total of 134 charging slots. The proposed study 1) investigates the relationship between wind speed and variations in power while exploring the unique wind energy production trends, 2) examines the patterns of dynamic grid interaction while highlighting the substantial role of wind power towards integrated charging station energy requirements, and addresses 3) economic factors, 4) patterns of EV charging, and 5) a life cycle assessment (LCA), which enhances the analysis by providing a comprehensive overview of the feasibility and environmental impact of the proposed charging infrastructure. The results show the high potential of the proposed infrastructure to reduce energy costs by nearly 50% through the incorporation of wind energy and lessen carbon emissions by 64% .© 2017 Elsevier Inc. All rights reserved. © 2025 The Authors","Dynamic grid interaction; Economic feasibility; Economic impact; Environmental impact; EV charging; Leisure activities; Onshore beach charging stations (OSBCS); Onshore charging; sustainable mobility; wind energy integration","Environmental impact; Environmental management systems; Charging station; Dynamic grid; Dynamic grid interaction; Economic feasibilities; Economic impacts; Electric vehicle charging; Grid interaction; Leisure activities; Onshore beach charging station; Onshore charging; Sustainable mobility; Wind energy integration; Leisure","Article","Final","All Open Access; Gold Open Access; Green Open Access","Scopus","2-s2.0-105004382670"
"Claudelin A.; Jouzi F.; Lakanen L.; Levänen J.; Soukka R.","Claudelin, Anna (57194467172); Jouzi, Fatemeh (57222598892); Lakanen, Laura (57212198595); Levänen, Jarkko (55542197200); Soukka, Risto (24437149600)","57194467172; 57222598892; 57212198595; 55542197200; 24437149600","Social life cycle assessment of the use phase in mobility: case study of a Finnish region considering consumers","2025","Journal of Cleaner Production","525","","146647","","","1","10.1016/j.jclepro.2025.146647","https://www.scopus.com/pages/publications/105015986437?origin=resultslist","To mitigate climate change, many countries have plans for significantly reducing transportation-related greenhouse gas emissions, and various national and international policies have been implemented for this reason. Current practices, including such policies, may not treat citizens with different socioeconomic backgrounds equally. Previous research shows that, for example, people with low income have less access to electric vehicle charging infrastructure. This article studies how different citizen groups are affected by current mobility policy in Finland in terms of satisfaction, accessibility, and affordability. Considered policies are investment support for charging infrastructure and biofuel distribution obligation. Citizens are grouped based on transportation mode, income level, and residential area. The study was conducted using social life cycle assessment, and a reference scale method was used. Six new qualitative indicators are defined, and two quantitative indicators are modified from previous research. Data were acquired via a survey. The indicators reveal inequal social impacts within the citizen groups. Owners of electric vehicles were most satisfied regarding costs and comfort, and they had lower transportation costs than internal combustion engine car owners. People in the lowest income group were the least satisfied, they had the lowest accessibility to charging infrastructure in their homes, and the increase of fuel price had impacted them the most. The findings indicate that social life cycle assessment can be used to assess the social impacts of policies even though these impacts cannot be fully separated from other factors influencing mobility. © 2025 The Authors","Case study; Consumers; Equality; Mobility; S-LCA; Social life cycle assessment; Use phase","Climate change; Costs; Economic analysis; Economic and social effects; Electric vehicles; Greenhouse gases; Internal combustion engines; Investments; Life cycle; Life cycle assessment; Case-studies; Charging infrastructures; Consumer; Equality; Low incomes; Mobility; S-LCA; Social life; Social life cycle assessment; Use Phase; Carrier mobility","Article","Final","All Open Access; Hybrid Gold Open Access","Scopus","2-s2.0-105015986437"
"Malik M.A.I.; Kalam M.A.; Ikram A.; Zeeshan S.; Raza Zahidi S.Q.","Malik, Muhammad Ali Ijaz (57217679790); Kalam, Md Abul (55103352400); Ikram, Adeel (56912068600); Zeeshan, Sadaf (57784633900); Raza Zahidi, Syed Qasim (59655204600)","57217679790; 55103352400; 56912068600; 57784633900; 59655204600","Energy transition towards electric vehicle technology: Recent advancements","2025","Energy Reports","13","","","2958","2996","42","10.1016/j.egyr.2025.02.029","https://www.scopus.com/pages/publications/85218912695?origin=resultslist","Electric vehicles (EVs) have emerged as a potential solution to address the ecological issues posed by conventional internal combustion engine vehicles. The current study entails a comprehensive overview of the advancements and challenges in EV technology, focusing on key areas of development, including battery technology, environmental impact, charging infrastructure, and vehicle design. The current study begins by summarizing the significant improvements in battery energy density, cost reduction, and durability, which have contributed to the growing popularity of EVs. Evaluating developments in battery chemistry, energy density, and affordability, the study emphasizes how vital batteries are to determining the range and efficiency of electric vehicles. Focusing on deploying fast-charging networks and wireless charging technologies highlights the lack of technological advancements in the current charging infrastructure. Maximizing EV performance and range encompasses advancements in lightweight materials, aerodynamic improvements, and the integration of advanced driver-assistance systems. Environmental factors play a major role in this assessment since reducing air pollution and greenhouse gas emissions drives the switch to EVs. In this study, the life cycle of EVs is compared to that of conventional vehicles, and the possibility of EVs reducing the transportation sector's overall carbon footprint will contribute to net zero carbon emissions. In conclusion, this comprehensive review of recent developments and trends in EV technology, such as solid-state batteries, driverless EVs, and the contribution of tax breaks to EV adoption. To conclude, this thorough analysis is an invaluable resource for scholars, decision-makers, and industry participants who seek to comprehend the condition of EV technology today, its obstacles, and its potential to transform sustainable transportation completely. © 2025 The Authors","Carbon footprint; Electric vehicles; Lifecycle assessment; Sustainable development goals","Advanced driver assistance systems; Carbon footprint; Charging stations; Solid-State Batteries; Wireless charging; 'current; Battery technology; Charging infrastructures; Energy density; Energy transitions; Infrastructure design; Internal combustion engine vehicles; Life Cycle Assessment (LCA); Vehicle design; Vehicle technology; State of charge","Review","Final","All Open Access; Gold Open Access","Scopus","2-s2.0-85218912695"
"Mariprasath T.; Esakkiappan K.; Ali S.M.; Natarajan M.; Zneid B.A.; Rubanenko O.","Mariprasath, Thenkaraimuthu (57118322400); Esakkiappan, Kaliappan (36637544100); Ali, Shaik M (56695109200); Natarajan, Muraly (60134320800); Zneid, Basem A (58658141600); Rubanenko, Oleksandr (55328350000)","57118322400; 36637544100; 56695109200; 60134320800; 58658141600; 55328350000","A system-level critical assessment of electric mobility integrating electric vehicle powertrains, advanced battery technologies, grid impacts, artificial intelligence, and sustainability","2026","Energy Exploration and Exploitation","","","","","","0","10.1177/01445987261420536","https://www.scopus.com/pages/publications/105031716772?origin=resultslist","Electric mobility has emerged as a cornerstone of global decarbonization strategies, with its successful deployment critically dependent on the coordinated integration of vehicle powertrain engineering, advanced battery technologies, charging infrastructure, power grid interaction, and intelligent control systems. This paper presents a comprehensive system-level critical assessment of electric mobility, providing an integrated analytical framework that unifies electric vehicle (EV) powertrains, electrochemical energy storage, grid impacts, artificial intelligence (AI), and sustainability considerations. The study systematically examines EV propulsion architectures, charging technologies, and the operational characteristics of contemporary and emerging battery chemistries, including lithium-ion variants (Nickel–Manganese–Cobalt, Nickel–Cobalt–Aluminum, and Lithium Iron Phosphate), solid-state batteries, and sodium-ion batteries, with particular emphasis on degradation mechanisms, thermal safety, second-life utilization, and recycling pathways. The impacts of large-scale EV charging on power distribution networks are rigorously analyzed through power quality and voltage stability modeling, highlighting harmonic distortion, feeder loading, and voltage deviation challenges associated with high-power fast-charging infrastructure. Advanced mitigation strategies, including active filtering and AI-based grid impact prediction, are discussed to enhance grid resilience. AI is positioned as a core enabling technology throughout the EV ecosystem, with detailed coverage of data-driven and physics-informed approaches for battery health estimation, remaining useful life prediction, range estimation, smart charging control, traffic-aware routing, and charging queue optimization. Furthermore, emerging quantum-inspired optimization and quantum machine learning paradigms are identified as promising tools for addressing high-dimensional uncertainty in routing, charging scheduling, and battery diagnostics. A life-cycle sustainability perspective is incorporated to evaluate the environmental performance of EVs, emphasizing the influence of electricity generation mix, battery manufacturing emissions, material criticality, and recycling efficiency on overall greenhouse gas reduction potential. By synergizing engineering models, AI-driven intelligence, grid interaction analysis, and life-cycle assessment, this work delivers a unified blueprint for accelerating the transition toward sustainable electric mobility. The presented framework offers clear technical guidance for researchers, policymakers, and industry stakeholders seeking to design resilient, intelligent, and environmentally responsible electric transportation systems. © The Author(s) 2026. This article is distributed under the terms of the Creative Commons Attribution-NonCommercial 4.0 License (https://creativecommons.org/licenses/by-nc/4.0/) which permits non-commercial use, reproduction and distribution of the work without further permission provided the original work is attributed as specified on the SAGE and Open Access page (https://us.sagepub.com/en-us/nam/open-access-at-sage).","Artificial intelligence; battery degradation; electric mobility; electric vehicles; grid integration; life cycle assessment; smart charging; sustainable transportation","Advanced vehicle control systems; Artificial life; Battery management systems; Commercial vehicles; Fast charging (Batteries); Greenhouse gases; Life cycle; Life cycle assessment; Lithium compounds; Lithium-ion batteries; Powertrains; Sodium-ion batteries; Solid state devices; Solid-State Batteries; Vehicle-to-grid; Battery degradation; Battery technology; Critical assessment; Electric mobility; Grid impacts; Grid integration; Smart charging; Sustainable transportation; System levels; Vehicle powertrains; Electric vehicles","Article","Article in press","All Open Access; Gold Open Access","Scopus","2-s2.0-105031716772"
"Yang C.; Xiao H.; Chen X.; Luo L.; Li H.; Biancardo S.A.","Yang, Chao (60006551000); Xiao, Hao (59412185400); Chen, Xinqiang (54949809600); Luo, Lijuan (57195304397); Li, Haixiao (57200192855); Biancardo, Salvatore Antonio (55915639400)","60006551000; 59412185400; 54949809600; 57195304397; 57200192855; 55915639400","Automatic guided vehicle scheduling based photovoltaic-energy storage-charging station low-carbon optimal sizing via a computational intelligence framework","2025","Computers and Industrial Engineering","208","","111401","","","1","10.1016/j.cie.2025.111401","https://www.scopus.com/pages/publications/105011147408?origin=resultslist","Automated container terminals (ACTs) utilizing Automatic Guided Vehicles (AGVs) require low-carbon charging infrastructure to support the global transition to carbon neutrality. Photovoltaic‑energy storage‑charging stations (PECSs) represent a novel charging infrastructure solution that integrates photovoltaic and energy storage to serve both AGVs and electric vehicles operated by terminal personnel. Against this background, this paper proposes a capacity sizing model for PECS tailored for ACTs, considering the AGV charging load modeling and lifecycle carbon emissions across multiple equipment types and lifecycle stages. Firstly, a multi-cycle AGV scheduling and charging model is developed incorporating internal-external vehicle segregation constraints for typical ACT layouts. Secondly, a lifecycle carbon emission model for PECS is constructed by clearly delineating the model boundary, which encompasses six lifecycle stages and incorporates four types of critical equipment. Thirdly, the carbon emission model is systematically integrated with economic objectives through interface variables, including equipment capacity and purchased electricity power. Therefore, a bi-objective optimal sizing model for PECSs is developed to maximize annual economic benefits while minimizing annual carbon emissions. The model is solved effectively using computational intelligence, specifically the Non-dominated Sorting Dung Beetle Optimizer, and validated through an experiment of a representative ACT. The experimental results demonstrate that the proposed model effectively optimizes PECS's capacity to balance carbon emissions and economic objectives. © 2025 Elsevier Ltd","Automated container terminal; Automatic guided vehicle scheduling; Capacity sizing; Computational intelligence; Electric vehicle charging station; Lifecycle assessment","Artificial life; Automation; Carbon; Carbon cycle; Carbon Economy; Charging (batteries); Charging stations; Containers; Electric energy storage; Electric vehicles; Life cycle; Terminals (electric); Vehicle to infrastructure; Automated container terminals; Automatic guided vehicle scheduling; Capacity sizing; Carbon emissions; Charging station; Electric vehicle charging; Electric vehicle charging station; Life Cycle Assessment (LCA); Photovoltaic energy; Vehicle scheduling; Automatic guided vehicles","Article","Final","","Scopus","2-s2.0-105011147408"
